City_ID,City,Country,Date,Lat,Lng,Max Temp,Humidity,Cloudiness,Wind Speed,Weather Description,Rain inches (last 3 hrs),Snow inches (last 3 hrs)
0,La Ronge,CA,2020-01-05 19:25:58,55.1,-105.3,3.2,71,5,9.17,clear sky,0.0,0.0
1,Baihar,IN,2020-01-05 19:25:58,22.11,80.55,52.38,65,0,1.86,clear sky,0.0,0.0
2,Tumannyy,IN,2020-01-05 19:25:58,22.11,80.55,52.38,65,0,1.86,clear sky,0.0,0.0
3,Neyshabur,IR,2020-01-05 19:25:59,36.21,58.79,35.44,93,98,8.86,light snow,0.0,0.44
4,East London,ZA,2020-01-05 19:25:59,-33.02,27.91,68.0,94,75,9.17,broken clouds,0.0,0.0
5,Saleaula,ZA,2020-01-05 19:25:59,-33.02,27.91,68.0,94,75,9.17,broken clouds,0.0,0.0
6,Portland,US,2020-01-05 19:25:59,43.66,-70.25,34.0,47,40,16.11,scattered clouds,0.0,0.0
7,Kaitangata,NZ,2020-01-05 19:25:59,-46.28,169.85,50.0,70,94,14.0,light rain,1.37,0.0
8,Avarua,CK,2020-01-05 19:26:00,-21.21,-159.78,80.6,88,100,9.17,light rain,0.81,0.0
9,Atuona,PF,2020-01-05 19:26:00,-9.8,-139.03,80.49,66,0,4.27,clear sky,0.0,0.0
10,Rikitea,PF,2020-01-05 19:26:00,-23.12,-134.97,76.03,75,4,13.8,clear sky,0.0,0.0
11,Castro,CL,2020-01-05 19:26:00,-42.48,-73.76,59.0,58,75,12.75,broken clouds,0.0,0.0
12,Ponta Do Sol,BR,2020-01-05 19:26:00,-20.63,-46.0,81.46,61,59,6.58,light rain,0.44,0.0
13,Qaanaaq,GL,2020-01-05 19:26:01,77.48,-69.36,-29.02,49,0,5.19,clear sky,0.0,0.0
14,Marquette,US,2020-01-05 19:26:01,46.54,-87.4,30.0,86,90,17.22,snow,0.0,0.0
15,Naze,NG,2020-01-05 19:26:01,5.43,7.07,86.0,51,0,2.24,dust,0.0,0.0
16,Kapaa,US,2020-01-05 19:26:01,22.08,-159.32,77.0,78,40,17.22,scattered clouds,0.0,0.0
17,Puerto Ayora,EC,2020-01-05 19:26:01,-0.74,-90.35,84.2,66,40,5.82,scattered clouds,0.0,0.0
18,Barsovo,RU,2020-01-05 19:26:02,61.17,73.17,26.6,100,90,13.42,overcast clouds,0.0,0.0
19,Adzhamka,UA,2020-01-05 19:26:02,48.55,32.53,34.2,91,100,5.95,overcast clouds,0.0,0.0
20,Road Town,VG,2020-01-05 19:26:02,18.42,-64.62,82.4,69,40,4.7,scattered clouds,0.0,0.0
21,Yarada,IN,2020-01-05 19:26:02,17.65,83.27,75.2,83,75,3.36,mist,0.0,0.0
22,Kavaratti,IN,2020-01-05 19:26:02,10.57,72.64,80.87,62,0,7.99,clear sky,0.0,0.0
23,Punta Arenas,CL,2020-01-05 19:26:03,-53.16,-70.91,57.2,47,40,25.28,scattered clouds,0.0,0.0
24,Bethel,US,2020-01-05 19:26:03,60.79,-161.76,-16.6,74,1,5.82,clear sky,0.0,0.0
25,Barrow,AR,2020-01-05 19:26:03,-38.31,-60.23,80.47,56,100,8.97,light rain,0.19,0.0
26,Padilla,CO,2020-01-05 19:26:03,3.23,-76.31,89.6,43,75,3.36,broken clouds,0.0,0.0
27,Tasiilaq,GL,2020-01-05 19:26:03,65.61,-37.64,27.01,96,100,24.79,snow,0.0,3.0
28,Oruro,BO,2020-01-05 19:26:04,-17.97,-67.11,64.4,45,40,5.82,scattered clouds,0.0,0.0
29,Longyearbyen,NO,2020-01-05 19:26:04,78.22,15.63,-2.2,84,20,5.82,few clouds,0.0,0.0
30,Saltillo,MX,2020-01-05 19:26:04,25.42,-100.99,70.0,55,5,4.68,clear sky,0.0,0.0
31,Nelson Bay,AU,2020-01-05 19:26:04,-32.72,152.14,69.01,82,90,1.79,overcast clouds,0.0,0.0
32,Tadine,NC,2020-01-05 19:26:05,-21.55,167.88,73.53,81,2,9.01,clear sky,0.0,0.0
33,Butaritari,KI,2020-01-05 19:26:05,3.07,172.79,85.42,74,100,12.37,light rain,2.19,0.0
34,Katsuura,JP,2020-01-05 19:26:05,33.93,134.5,37.4,73,40,8.05,scattered clouds,0.0,0.0
35,Saint-Joseph,FR,2020-01-05 19:26:05,43.56,6.97,52.0,93,0,4.7,clear sky,0.0,0.0
36,Kloulklubed,PW,2020-01-05 19:26:05,7.04,134.26,78.8,94,75,9.17,broken clouds,0.0,0.0
37,Belushya Guba,PW,2020-01-05 19:26:05,7.04,134.26,78.8,94,75,9.17,broken clouds,0.0,0.0
38,Hobart,AU,2020-01-05 19:23:13,-42.88,147.33,50.0,76,20,9.17,few clouds,0.0,0.0
39,Airai,TL,2020-01-05 19:26:06,-8.93,125.41,69.15,86,98,5.79,overcast clouds,0.0,0.0
40,Busselton,AU,2020-01-05 19:26:06,-33.64,115.35,61.0,39,17,9.31,few clouds,0.0,0.0
41,San Cristobal,HN,2020-01-05 19:26:06,14.68,-86.92,67.8,83,97,8.61,light rain,0.31,0.0
42,Coruripe,BR,2020-01-05 19:26:07,-10.12,-36.18,81.01,75,100,14.05,overcast clouds,0.0,0.0
43,Saint-Pierre,FR,2020-01-05 19:26:07,48.95,4.24,41.0,86,0,3.36,clear sky,0.0,0.0
44,Terrace,CA,2020-01-05 19:26:07,54.52,-128.61,30.2,100,75,9.17,light shower snow,0.0,0.0
45,Norman Wells,CA,2020-01-05 19:26:07,65.28,-126.83,-23.8,74,40,2.24,scattered clouds,0.0,0.0
46,Brae,GB,2020-01-05 19:26:07,60.4,-1.35,48.2,100,100,21.92,light intensity drizzle,0.0,0.0
47,Buala,SB,2020-01-05 19:26:08,-8.15,159.59,80.67,81,55,10.56,broken clouds,0.0,0.0
48,Coronado,PA,2020-01-05 19:26:08,8.53,-79.9,90.0,52,20,19.46,few clouds,0.0,0.0
49,Viligili,PA,2020-01-05 19:26:08,8.53,-79.9,90.0,52,20,19.46,few clouds,0.0,0.0
50,Balbalan,PH,2020-01-05 19:26:08,17.44,121.2,57.45,92,60,7.02,broken clouds,0.0,0.0
51,Yellowknife,CA,2020-01-05 19:26:08,62.45,-114.38,-13.0,75,40,6.93,scattered clouds,0.0,0.0
52,Albany,US,2020-01-05 19:26:09,42.65,-73.75,37.0,47,40,19.46,scattered clouds,0.0,0.0
53,Port Elizabeth,US,2020-01-05 19:26:09,39.31,-74.98,43.0,41,90,21.92,overcast clouds,0.0,0.0
54,Vaini,IN,2020-01-05 19:26:09,15.34,74.49,66.65,65,18,3.67,few clouds,0.0,0.0
55,San Patricio,PY,2020-01-05 19:26:09,-26.98,-56.83,98.76,24,19,3.47,few clouds,0.0,0.0
56,Grand River South East,PY,2020-01-05 19:26:09,-26.98,-56.83,98.76,24,19,3.47,few clouds,0.0,0.0
57,Hilo,US,2020-01-05 19:26:10,19.71,-155.08,73.4,78,90,8.05,moderate rain,0.0,0.0
58,Puerto Madryn,AR,2020-01-05 19:26:10,-42.77,-65.04,76.12,15,100,9.93,overcast clouds,0.0,0.0
59,Provideniya,RU,2020-01-05 19:26:10,64.42,-173.23,-9.22,92,93,7.36,overcast clouds,0.0,0.0
60,Teahupoo,PF,2020-01-05 19:26:10,-17.83,-149.27,84.2,74,20,4.7,few clouds,0.0,0.0
61,Ushuaia,AR,2020-01-05 19:26:11,-54.81,-68.31,51.8,76,75,32.21,shower rain,0.0,0.0
62,Dikson,RU,2020-01-05 19:26:11,73.51,80.55,16.48,92,90,20.78,light snow,0.0,0.25
63,Svetlogorsk,RU,2020-01-05 19:21:34,53.14,59.15,28.4,86,90,11.18,overcast clouds,0.0,0.0
64,San Joaquin,PH,2020-01-05 19:26:11,10.59,122.14,75.51,85,1,11.07,clear sky,0.0,0.0
65,Marsh Harbour,BS,2020-01-05 19:26:11,26.54,-77.06,66.54,69,64,24.02,broken clouds,0.0,0.0
66,Cherskiy,RU,2020-01-05 19:26:12,68.75,161.3,-6.81,61,77,4.81,broken clouds,0.0,0.0
67,Pevek,RU,2020-01-05 19:26:12,69.7,170.27,-6.63,82,0,5.12,clear sky,0.0,0.0
68,Hofn,IS,2020-01-05 19:26:12,64.25,-15.21,44.04,70,51,31.23,broken clouds,0.0,0.0
69,Sabang,PH,2020-01-05 19:26:12,13.8,121.11,79.0,75,5,10.0,clear sky,0.0,0.0
70,Rungata,PH,2020-01-05 19:26:12,13.8,121.11,79.0,75,5,10.0,clear sky,0.0,0.0
71,Saskylakh,RU,2020-01-05 19:26:12,71.97,114.09,-20.51,95,0,11.77,clear sky,0.0,0.0
72,Ribeira Grande,PT,2020-01-05 19:26:13,38.52,-28.7,64.4,88,75,16.11,broken clouds,0.0,0.0
73,Polson,US,2020-01-05 19:23:08,47.69,-114.16,37.4,55,75,9.17,broken clouds,0.0,0.0
74,Somerset,US,2020-01-05 19:26:13,41.77,-71.13,39.99,48,90,8.05,overcast clouds,0.0,0.0
75,Walla Walla,US,2020-01-05 19:22:53,46.06,-118.33,50.0,51,75,12.71,broken clouds,0.0,0.0
76,New Norfolk,AU,2020-01-05 19:26:13,-42.78,147.06,50.0,76,20,9.17,few clouds,0.0,0.0
77,Mayo,CA,2020-01-05 19:26:14,63.59,-135.9,-22.0,67,75,2.42,broken clouds,0.0,0.0
78,Esperance,AU,2020-01-05 19:26:14,-33.86,121.89,64.4,59,33,18.34,scattered clouds,0.0,0.0
79,Juneau,US,2020-01-05 19:23:09,58.3,-134.42,21.2,92,75,3.36,broken clouds,0.0,0.0
80,Taolanaro,US,2020-01-05 19:23:09,58.3,-134.42,21.2,92,75,3.36,broken clouds,0.0,0.0
81,Yarmouth,CA,2020-01-05 19:26:14,43.84,-66.12,32.0,88,90,24.16,light rain,0.0,0.0
82,Dingle,PH,2020-01-05 19:26:15,11.0,122.67,72.91,95,55,10.56,light rain,1.25,0.0
83,Tuktoyaktuk,CA,2020-01-05 19:26:15,69.44,-133.03,-23.8,74,90,8.05,overcast clouds,0.0,0.0
84,Canby,US,2020-01-05 19:18:51,45.26,-122.69,46.4,87,90,13.87,light rain,0.0,0.0
85,Ruatoria,US,2020-01-05 19:18:51,45.26,-122.69,46.4,87,90,13.87,light rain,0.0,0.0
86,Bandarbeyla,SO,2020-01-05 19:26:15,9.49,50.81,78.44,82,25,12.77,scattered clouds,0.0,0.0
87,Lolua,SO,2020-01-05 19:26:15,9.49,50.81,78.44,82,25,12.77,scattered clouds,0.0,0.0
88,Gizo,IL,2020-01-05 19:26:16,31.8,34.94,55.4,71,75,8.05,broken clouds,0.0,0.0
89,Kavieng,PG,2020-01-05 19:26:16,-2.57,150.8,84.24,73,67,11.1,moderate rain,4.94,0.0
90,Arraial Do Cabo,BR,2020-01-05 19:26:16,-22.97,-42.02,82.4,83,40,12.75,scattered clouds,0.0,0.0
91,Luderitz,NA,2020-01-05 19:26:16,-26.65,15.16,63.39,88,0,24.32,clear sky,0.0,0.0
92,Constitucion,MX,2020-01-05 19:26:16,23.99,-104.67,59.0,19,5,2.24,clear sky,0.0,0.0
93,Jamestown,AU,2020-01-05 19:26:17,-33.21,138.6,54.68,90,100,8.05,moderate rain,5.5,0.0
94,Melfi,IT,2020-01-05 19:26:17,41.0,15.66,46.4,42,5,24.16,clear sky,0.0,0.0
95,Lalibela,ET,2020-01-05 19:26:17,12.04,39.05,62.28,59,60,7.11,light rain,1.0,0.0
96,Norwich,GB,2020-01-05 19:25:47,52.63,1.29,46.99,87,75,10.29,broken clouds,0.0,0.0
97,Bengkulu,GB,2020-01-05 19:25:47,52.63,1.29,46.99,87,75,10.29,broken clouds,0.0,0.0
98,Wiwili,NI,2020-01-05 19:26:18,13.63,-85.83,77.0,57,20,18.34,few clouds,0.0,0.0
99,Illoqqortoormiut,NI,2020-01-05 19:26:18,13.63,-85.83,77.0,57,20,18.34,few clouds,0.0,0.0
100,Samusu,NI,2020-01-05 19:26:18,13.63,-85.83,77.0,57,20,18.34,few clouds,0.0,0.0
101,Barentsburg,NI,2020-01-05 19:26:18,13.63,-85.83,77.0,57,20,18.34,few clouds,0.0,0.0
102,Bangassou,CF,2020-01-05 19:26:18,4.74,22.82,76.3,37,0,1.92,clear sky,0.0,0.0
103,Tsaratanana,MG,2020-01-05 19:26:19,-16.8,47.65,71.83,92,99,3.6,moderate rain,5.06,0.0
104,Zykovo,RU,2020-01-05 19:26:19,55.24,40.35,28.0,84,58,1.01,broken clouds,0.0,0.0
105,Bathsheba,BB,2020-01-05 19:26:19,13.22,-59.52,80.6,69,75,14.99,light intensity shower rain,0.0,0.0
106,Bluff,AU,2020-01-05 19:26:19,-23.58,149.07,69.67,93,19,7.67,few clouds,0.0,0.0
107,Severo-Kurilsk,RU,2020-01-05 19:26:19,50.68,156.12,19.78,93,100,9.26,snow,0.0,2.25
108,Mayumba,GA,2020-01-05 19:26:19,-3.44,10.65,81.91,81,69,4.7,broken clouds,0.0,0.0
109,Kahului,US,2020-01-05 19:26:20,20.89,-156.47,78.8,65,1,12.75,clear sky,0.0,0.0
110,Fairbanks,US,2020-01-05 19:25:02,64.84,-147.72,-25.01,97,75,1.61,snow,0.0,0.0
111,Hasaki,JP,2020-01-05 19:26:20,35.73,140.83,30.2,80,20,3.36,few clouds,0.0,0.0
112,Saint-Augustin,CA,2020-01-05 19:26:20,45.63,-73.98,24.01,57,40,14.99,scattered clouds,0.0,0.0
113,Nanortalik,GL,2020-01-05 19:26:20,60.14,-45.24,28.2,67,0,22.57,clear sky,0.0,0.0
114,Lorengau,PG,2020-01-05 19:26:21,-2.02,147.27,83.89,73,100,8.23,moderate rain,3.38,0.0
115,Prieska,ZA,2020-01-05 19:26:21,-29.67,22.74,84.33,10,0,15.88,clear sky,0.0,0.0
116,Kodiak,US,2020-01-05 19:26:21,39.95,-94.76,51.01,43,1,21.92,clear sky,0.0,0.0
117,Lata,IN,2020-01-05 19:26:21,30.78,78.62,11.91,64,100,5.66,overcast clouds,0.0,0.0
118,Luganville,VU,2020-01-05 19:26:21,-15.51,167.18,82.4,78,75,12.75,broken clouds,0.0,0.0
119,Geraldton,CA,2020-01-05 19:26:22,49.72,-86.95,12.2,85,90,11.41,light snow,0.0,0.0
120,Saint-Philippe,CA,2020-01-05 19:26:22,45.36,-73.48,24.01,57,90,14.99,overcast clouds,0.0,0.0
121,Azimur,CA,2020-01-05 19:26:22,45.36,-73.48,24.01,57,90,14.99,overcast clouds,0.0,0.0
122,Nizhneyansk,CA,2020-01-05 19:26:22,45.36,-73.48,24.01,57,90,14.99,overcast clouds,0.0,0.0
123,Kvitok,RU,2020-01-05 19:26:22,56.08,98.48,20.91,92,100,5.66,light snow,0.0,0.25
124,Anzio,IT,2020-01-05 19:26:22,41.45,12.63,51.8,36,0,10.29,clear sky,0.0,0.0
125,Bolshoye Soldatskoye,IT,2020-01-05 19:26:22,41.45,12.63,51.8,36,0,10.29,clear sky,0.0,0.0
126,Chokurdakh,RU,2020-01-05 19:26:23,70.62,147.9,-20.74,98,75,6.67,broken clouds,0.0,0.0
127,Lephepe,RU,2020-01-05 19:26:23,70.62,147.9,-20.74,98,75,6.67,broken clouds,0.0,0.0
128,Santana Do Livramento,BR,2020-01-05 19:23:50,-30.89,-55.53,88.45,34,20,8.99,few clouds,0.0,0.0
129,Lavrentiya,RU,2020-01-05 19:26:23,65.58,-170.99,-12.39,90,96,8.77,overcast clouds,0.0,0.0
130,Hermanus,ZA,2020-01-05 19:26:24,-34.42,19.24,64.0,90,100,1.01,overcast clouds,0.0,0.0
131,Eskasem,ZA,2020-01-05 19:26:24,-34.42,19.24,64.0,90,100,1.01,overcast clouds,0.0,0.0
132,Fort Nelson,CA,2020-01-05 19:26:24,58.81,-122.69,-7.6,76,90,8.05,light snow,0.0,0.0
133,Isoka,ZM,2020-01-05 19:26:24,-10.15,32.64,66.56,91,100,4.34,moderate rain,3.94,0.0
134,Sentyabrskiy,ZM,2020-01-05 19:26:24,-10.15,32.64,66.56,91,100,4.34,moderate rain,0.0,0.0
135,Beringovskiy,RU,2020-01-05 19:26:24,63.05,179.32,-7.94,80,87,16.15,overcast clouds,0.0,0.0
136,Khatanga,RU,2020-01-05 19:26:25,71.98,102.47,-8.79,86,93,8.77,overcast clouds,0.0,0.0
137,Biak,ID,2020-01-05 19:26:25,-0.91,122.88,79.61,82,100,10.47,light rain,1.06,0.0
138,Yarovoye,RU,2020-01-05 19:26:25,52.92,78.56,14.99,93,38,8.52,scattered clouds,0.0,0.0
139,Pacific Grove,US,2020-01-05 19:23:23,36.62,-121.92,57.2,54,1,3.36,clear sky,0.0,0.0
140,Khovu-Aksy,RU,2020-01-05 19:26:25,51.13,93.72,-0.65,77,0,7.4,clear sky,0.0,0.0
141,Kununurra,AU,2020-01-05 19:26:26,-15.77,128.74,78.8,94,40,5.82,scattered clouds,0.0,0.0
142,Hobyo,SO,2020-01-05 19:26:26,5.35,48.53,80.04,75,64,12.5,broken clouds,0.0,0.0
143,Port Alfred,ZA,2020-01-05 19:26:26,-33.59,26.89,69.01,88,62,1.99,light rain,0.13,0.0
144,Wuwei,CN,2020-01-05 19:26:26,37.93,102.64,16.88,57,75,0.49,broken clouds,0.0,0.0
145,Ixtapa,MX,2020-01-05 19:26:26,20.71,-105.21,87.8,19,20,6.93,few clouds,0.0,0.0
146,Cape Town,ZA,2020-01-05 19:22:03,-33.93,18.42,70.0,82,75,9.17,broken clouds,0.0,0.0
147,Port-Gentil,GA,2020-01-05 19:26:27,-0.72,8.78,82.4,88,40,10.29,scattered clouds,0.0,0.0
148,Odweyne,GA,2020-01-05 19:26:27,-0.72,8.78,82.4,88,40,10.29,scattered clouds,0.0,0.0
149,Lasa,CY,2020-01-05 19:26:27,34.92,32.53,53.6,81,75,5.82,broken clouds,0.0,0.0
150,Campagna,IT,2020-01-05 19:26:27,40.66,15.11,48.0,42,5,24.16,clear sky,0.0,0.0
151,Guerrero Negro,MX,2020-01-05 19:26:27,27.97,-114.04,69.24,27,0,4.27,clear sky,0.0,0.0
152,Port Hueneme,US,2020-01-05 19:22:04,34.15,-119.2,69.8,32,1,5.82,clear sky,0.0,0.0
153,Cabo San Lucas,MX,2020-01-05 19:26:15,22.89,-109.91,80.01,53,40,2.24,scattered clouds,0.0,0.0
154,Alappuzha,MX,2020-01-05 19:26:15,22.89,-109.91,80.01,53,40,2.24,scattered clouds,0.0,0.0
155,Khandbari,NP,2020-01-05 19:26:28,27.38,87.21,28.81,58,3,4.25,clear sky,0.0,0.0
156,Souillac,FR,2020-01-05 19:26:28,45.6,-0.6,42.8,75,0,8.05,clear sky,0.0,0.0
157,Izumo,JP,2020-01-05 19:26:28,35.37,132.75,41.0,86,75,4.7,broken clouds,0.0,0.0
158,Shaunavon,CA,2020-01-05 19:26:29,49.65,-108.41,21.78,78,0,12.3,clear sky,0.0,0.0
159,Flin Flon,CA,2020-01-05 19:26:29,54.77,-101.88,12.2,72,90,9.17,light snow,0.0,0.0
160,Haines Junction,CA,2020-01-05 19:26:29,60.75,-137.51,-16.13,90,61,2.98,broken clouds,0.0,0.0
161,Key West,US,2020-01-05 19:23:32,47.93,-96.78,28.99,68,90,26.4,light snow,0.0,0.0
162,Hithadhoo,MV,2020-01-05 19:26:29,-0.6,73.08,79.18,90,98,18.59,moderate rain,5.13,0.0
163,Saldanha,PT,2020-01-05 19:26:30,41.42,-6.55,40.14,75,9,2.06,clear sky,0.0,0.0
164,Mar Del Plata,AR,2020-01-05 19:26:30,-46.43,-67.52,72.23,26,26,16.17,scattered clouds,0.0,0.0
165,Narsaq,GL,2020-01-05 19:26:30,60.91,-46.05,15.8,61,20,8.05,few clouds,0.0,0.0
166,Caravelas,BR,2020-01-05 19:26:30,-17.73,-39.27,86.34,58,95,9.8,light rain,0.5,0.0
167,Concarneau,FR,2020-01-05 19:26:30,47.88,-3.92,45.0,81,90,5.82,overcast clouds,0.0,0.0
168,Vyazemskiy,RU,2020-01-05 19:26:31,47.53,134.76,-2.6,96,57,3.02,broken clouds,0.0,0.0
169,Hamilton,CA,2020-01-05 19:23:02,43.26,-79.87,37.0,78,90,10.29,overcast clouds,0.0,0.0
170,Umzimvubu,CA,2020-01-05 19:23:02,43.26,-79.87,37.0,78,90,10.29,overcast clouds,0.0,0.0
171,Cayenne,GF,2020-01-05 19:26:31,4.94,-52.33,80.6,78,1,3.36,light rain,0.19,0.0
172,Mildura,AU,2020-01-05 19:26:31,-34.18,142.16,57.2,87,100,5.82,overcast clouds,0.0,0.0
173,Paramonga,PE,2020-01-05 19:26:31,-10.68,-77.82,70.75,86,47,10.09,scattered clouds,0.0,0.0
174,Pangkalanbuun,ID,2020-01-05 19:26:32,-2.68,111.62,74.62,97,82,2.19,light rain,1.44,0.0
175,Mataura,NZ,2020-01-05 19:26:32,-46.19,168.86,46.99,85,97,21.99,light rain,2.38,0.0
176,Pathein,MM,2020-01-05 19:26:32,16.78,94.73,77.13,80,0,8.57,clear sky,0.0,0.0
177,Stolin,BY,2020-01-05 19:26:32,51.89,26.85,29.84,84,97,7.76,overcast clouds,0.0,0.0
178,Borlange,BY,2020-01-05 19:26:32,51.89,26.85,29.84,84,97,7.76,overcast clouds,0.0,0.0
179,Taburi,BY,2020-01-05 19:26:32,51.89,26.85,29.84,84,97,7.76,overcast clouds,0.0,0.0
180,Marcona,BY,2020-01-05 19:26:32,51.89,26.85,29.84,84,97,7.76,overcast clouds,0.0,0.0
181,Lakhtar,IN,2020-01-05 19:26:33,22.86,71.79,64.2,33,0,8.5,clear sky,0.0,0.0
182,Thompson,CA,2020-01-05 19:26:33,55.74,-97.86,5.0,84,90,6.93,light snow,0.0,0.0
183,San Quintin,PH,2020-01-05 19:26:33,17.54,120.52,68.4,76,45,8.66,scattered clouds,0.0,0.0
184,Hami,CN,2020-01-05 19:26:33,42.84,93.51,18.7,47,11,3.31,few clouds,0.0,0.0
185,Tuatapere,NZ,2020-01-05 19:26:34,-46.13,167.69,46.99,85,82,21.99,light rain,0.56,0.0
186,Kuybysheve,UA,2020-01-05 19:26:34,47.36,36.65,32.81,96,98,4.45,overcast clouds,0.0,0.0
187,Faanui,PF,2020-01-05 19:26:34,-16.48,-151.75,81.14,78,6,11.54,clear sky,0.0,0.0
188,Diego De Almagro,CL,2020-01-05 19:26:34,-26.39,-70.05,80.94,27,0,16.46,clear sky,0.0,0.0
189,Higuey,CL,2020-01-05 19:26:34,-26.39,-70.05,80.94,27,0,16.46,clear sky,0.0,0.0
190,Progreso,UY,2020-01-05 19:26:35,-34.68,-56.22,82.99,54,75,14.99,broken clouds,0.0,0.0
191,Sotouboua,TG,2020-01-05 19:26:35,8.56,0.98,81.93,23,98,1.03,overcast clouds,0.0,0.0
192,Cooma,AU,2020-01-05 19:26:35,-36.24,149.13,50.0,87,90,12.75,overcast clouds,0.0,0.0
193,Ancud,CL,2020-01-05 19:26:35,-41.87,-73.83,59.0,58,75,12.75,broken clouds,0.0,0.0
194,Henties Bay,NA,2020-01-05 19:26:35,-22.12,14.28,64.0,86,57,1.99,broken clouds,0.0,0.0
195,Nyurba,RU,2020-01-05 19:26:35,63.29,118.35,-4.38,99,100,2.89,light snow,0.0,0.25
196,Aykhal,RU,2020-01-05 19:26:36,65.95,111.51,-16.6,82,35,2.24,scattered clouds,0.0,0.0
197,Paidha,UG,2020-01-05 19:26:36,2.42,30.99,71.31,57,83,2.21,broken clouds,0.0,0.0
198,Upernavik,GL,2020-01-05 19:26:36,72.79,-56.15,-31.18,90,100,13.31,overcast clouds,0.0,0.0
199,Nagapattinam,IN,2020-01-05 19:26:36,10.76,79.84,80.87,78,0,13.73,clear sky,0.0,0.0
200,Bredasdorp,ZA,2020-01-05 19:26:36,-34.53,20.04,68.0,64,100,6.93,overcast clouds,0.0,0.0
201,Linxia,CN,2020-01-05 19:26:37,35.6,103.21,19.71,76,91,1.86,overcast clouds,0.0,0.0
202,Kudahuvadhoo,MV,2020-01-05 19:26:37,2.67,72.89,82.9,78,47,13.89,scattered clouds,0.0,0.0
203,Pangnirtung,CA,2020-01-05 19:26:37,66.15,-65.72,-31.0,43,40,6.93,scattered clouds,0.0,0.0
204,Lucea,JM,2020-01-05 19:26:37,18.44,-78.17,84.99,70,20,13.87,few clouds,0.0,0.0
205,Yumen,CN,2020-01-05 19:26:37,40.29,97.04,12.04,71,90,0.25,overcast clouds,0.0,0.0
206,Matara,BI,2020-01-05 19:26:38,-3.48,29.48,59.43,92,97,3.38,light rain,2.5,0.0
207,Clyde River,CA,2020-01-05 19:26:38,70.47,-68.59,-41.8,57,20,4.7,few clouds,0.0,0.0
208,Attawapiskat,CA,2020-01-05 19:26:38,70.47,-68.59,-41.8,57,20,4.7,few clouds,0.0,0.0
209,Kapit,MY,2020-01-05 19:26:38,2.02,112.94,73.33,99,100,0.96,moderate rain,3.25,0.0
210,Omsukchan,RU,2020-01-05 19:26:38,62.53,155.8,-4.22,52,57,1.34,broken clouds,0.0,0.0
211,Ostrovnoy,RU,2020-01-05 19:26:38,68.05,39.51,16.14,88,87,20.92,overcast clouds,0.0,0.0
212,Aktash,RU,2020-01-05 19:26:38,68.05,39.51,16.14,88,87,20.92,overcast clouds,0.0,0.0
213,Georgetown,GY,2020-01-05 19:22:10,6.8,-58.16,87.8,54,20,4.7,few clouds,0.0,0.0
214,Avera,US,2020-01-05 19:26:39,33.19,-82.53,55.99,35,1,9.17,clear sky,0.0,0.0
215,Port Lincoln,AU,2020-01-05 19:26:39,-34.72,135.86,60.51,79,81,13.51,broken clouds,0.0,0.0
216,Carnarvon,ZA,2020-01-05 19:26:39,-30.97,22.13,77.09,15,43,17.98,scattered clouds,0.0,0.0
217,Sobolevo,RU,2020-01-05 19:26:40,54.43,31.9,27.5,77,8,7.49,clear sky,0.0,0.0
218,Fortuna,US,2020-01-05 19:26:40,40.6,-124.16,54.0,93,20,6.93,few clouds,0.0,0.0
219,Kadykchan,US,2020-01-05 19:26:40,40.6,-124.16,54.0,93,20,6.93,few clouds,0.0,0.0
220,Ishigaki,JP,2020-01-05 19:26:40,24.34,124.16,70.95,77,55,18.9,light rain,0.19,0.0
221,Olkhovka,RU,2020-01-05 19:26:40,53.21,60.61,15.37,92,0,9.55,clear sky,0.0,0.0
222,Iqaluit,CA,2020-01-05 19:26:40,63.75,-68.52,-23.8,67,90,5.82,overcast clouds,0.0,0.0
223,Paraguacu Paulista,BR,2020-01-05 19:26:41,-22.41,-50.58,83.07,63,34,2.62,light rain,2.44,0.0
224,Salalah,OM,2020-01-05 19:26:41,17.01,54.1,77.0,73,40,2.24,scattered clouds,0.0,0.0
225,La Belgica,BO,2020-01-05 19:26:41,-17.57,-63.23,82.4,83,75,17.22,broken clouds,0.0,0.0
226,Chuy,UY,2020-01-05 19:26:41,-33.69,-53.46,79.84,49,6,10.69,clear sky,0.0,0.0
227,Isangel,VU,2020-01-05 19:26:41,-19.55,169.27,77.0,73,71,6.93,light rain,0.38,0.0
228,Sao Gabriel Da Cachoeira,BR,2020-01-05 19:26:42,-0.13,-67.09,93.2,56,40,5.82,scattered clouds,0.0,0.0
229,Miramar,CR,2020-01-05 19:26:42,10.09,-84.73,84.2,26,59,17.22,broken clouds,0.0,0.0
230,The Valley,AI,2020-01-05 19:26:42,18.22,-63.06,84.2,65,20,10.29,few clouds,0.0,0.0
231,Hay River,CA,2020-01-05 19:26:42,60.82,-115.79,-16.6,75,75,9.17,broken clouds,0.0,0.0
232,Comodoro Rivadavia,AR,2020-01-05 19:26:42,-45.87,-67.48,71.6,28,40,18.34,scattered clouds,0.0,0.0
233,Ilulissat,GL,2020-01-05 19:26:42,69.22,-51.1,8.6,71,75,5.82,light snow,0.0,0.0
234,Harper,US,2020-01-05 19:26:43,30.3,-99.24,73.99,21,1,11.41,clear sky,0.0,0.0
235,Koslan,RU,2020-01-05 19:26:43,63.46,48.9,8.06,96,75,5.79,broken clouds,0.0,0.0
236,Belyy Yar,RU,2020-01-05 19:26:43,53.6,91.39,17.6,85,100,2.24,mist,0.0,0.0
237,San Carlos De Bariloche,AR,2020-01-05 19:24:30,-41.13,-71.31,55.4,54,40,27.51,light intensity drizzle,0.0,0.0
238,Kwinana,AU,2020-01-05 19:26:43,-32.25,115.77,66.0,82,0,2.24,clear sky,0.0,0.0
239,College,US,2020-01-05 19:26:44,64.86,-147.8,-25.01,98,75,1.32,snow,0.0,0.0
240,Burica,US,2020-01-05 19:26:44,64.86,-147.8,-25.01,98,75,1.32,snow,0.0,0.0
241,Turayf,SA,2020-01-05 19:26:44,31.68,38.65,44.6,70,32,9.17,scattered clouds,0.0,0.0
242,Putina,PE,2020-01-05 19:26:44,-14.91,-69.87,62.6,42,40,5.82,scattered clouds,0.0,0.0
243,Sorong,ID,2020-01-05 19:26:44,-0.86,131.25,74.26,97,32,3.02,scattered clouds,0.0,0.0
244,Altay,CN,2020-01-05 19:26:44,47.83,88.13,12.04,47,0,5.68,clear sky,0.0,0.0
245,Lopukhiv,UA,2020-01-05 19:26:45,48.37,23.97,17.31,95,98,7.16,light snow,0.0,0.94
246,Richards Bay,ZA,2020-01-05 19:26:45,-28.77,32.06,79.56,87,0,17.45,clear sky,0.0,0.0
247,Puerto Escondido,MX,2020-01-05 19:26:45,15.86,-97.07,87.8,74,40,8.05,scattered clouds,0.0,0.0
248,San Ramon,NI,2020-01-05 19:22:00,12.92,-85.84,77.0,57,20,18.34,few clouds,0.0,0.0
249,Norman,US,2020-01-05 19:26:46,35.22,-97.44,59.0,38,1,19.46,clear sky,0.0,0.0
250,Sisimiut,GL,2020-01-05 19:26:46,66.94,-53.67,-0.54,95,100,8.75,light snow,0.0,0.44
251,Sao Filipe,CV,2020-01-05 19:26:46,14.9,-24.5,72.0,64,13,11.92,few clouds,0.0,0.0
252,Sayyan,YE,2020-01-05 19:26:46,15.17,44.32,60.4,60,44,1.21,scattered clouds,0.0,0.0
253,Lumphat,KH,2020-01-05 19:26:46,13.5,106.97,68.07,74,19,6.87,few clouds,0.0,0.0
254,Broome,GB,2020-01-05 19:26:46,52.47,1.45,46.99,87,75,10.29,broken clouds,0.0,0.0
255,Manbij,SY,2020-01-05 19:26:47,36.53,37.96,35.6,93,40,4.7,scattered clouds,0.0,0.0
256,Cimislia,MD,2020-01-05 19:26:47,46.52,28.78,35.6,93,90,10.29,light snow,0.0,0.0
257,Coquimbo,CL,2020-01-05 19:26:47,-29.95,-71.34,66.2,68,90,10.29,overcast clouds,0.0,0.0
258,Grand-Santi,GF,2020-01-05 19:26:47,4.27,-54.38,90.19,42,58,3.85,broken clouds,0.0,0.0
259,Surman,LY,2020-01-05 19:23:31,32.76,12.57,60.66,72,98,23.04,light rain,0.5,0.0
260,Jiaojiang,LY,2020-01-05 19:23:31,32.76,12.57,60.66,72,98,23.04,light rain,0.0,0.0
261,Inhambane,MZ,2020-01-05 19:26:48,-23.87,35.38,80.6,69,20,9.17,few clouds,0.0,0.0
262,Mount Gambier,AU,2020-01-05 19:24:20,-37.83,140.78,48.2,87,2,4.7,clear sky,0.0,0.0
263,Kurilsk,RU,2020-01-05 19:26:48,45.23,147.88,20.53,82,72,22.57,light snow,0.0,0.25
264,Lompoc,US,2020-01-05 19:26:48,34.64,-120.46,64.0,51,1,13.87,clear sky,0.0,0.0
265,Mariental,BR,2020-01-05 19:26:48,-25.72,-49.65,78.01,69,75,8.05,broken clouds,0.0,0.0
266,Natal,BR,2020-01-05 19:26:49,-5.81,-35.21,86.0,66,40,17.22,scattered clouds,0.0,0.0
267,Atambua,ID,2020-01-05 19:26:49,-9.11,124.89,75.92,83,94,1.68,light rain,0.12,0.0
268,Byron Bay,AU,2020-01-05 19:26:49,-28.65,153.62,73.0,88,90,8.05,overcast clouds,0.0,0.0
269,Peace River,CA,2020-01-05 19:26:49,56.23,-117.29,12.2,78,75,6.93,broken clouds,0.0,0.0
270,Celestun,MX,2020-01-05 19:26:49,20.87,-90.4,72.32,63,23,14.16,few clouds,0.0,0.0
271,Vardo,US,2020-01-05 19:26:49,39.62,-77.74,39.2,55,90,17.22,overcast clouds,0.0,0.0
272,Lebu,ET,2020-01-05 19:26:50,8.96,38.73,60.8,67,40,9.17,scattered clouds,0.0,0.0
273,Olinda,AU,2020-01-05 19:26:50,-37.84,145.39,55.99,93,90,8.05,light rain,0.0,0.0
274,Maputo,MZ,2020-01-05 19:23:33,-25.97,32.57,81.0,78,40,16.11,scattered clouds,0.0,0.0
275,Tigil,RU,2020-01-05 19:26:50,57.8,158.67,5.56,73,0,3.89,clear sky,0.0,0.0
276,Nazca,PE,2020-01-05 19:26:50,-14.83,-74.94,84.31,42,67,9.64,broken clouds,0.0,0.0
277,Sorvag,PE,2020-01-05 19:26:50,-14.83,-74.94,84.31,42,67,9.64,broken clouds,0.0,0.0
278,Marystown,CA,2020-01-05 19:26:51,47.17,-55.16,35.01,100,100,23.64,snow,0.0,2.5
279,Talnakh,RU,2020-01-05 19:26:51,69.49,88.39,23.0,92,75,29.08,shower snow,0.0,0.0
280,Nokaneng,BW,2020-01-05 19:26:51,-19.66,22.19,78.44,59,86,3.87,light rain,0.69,0.0
281,Saint George,GR,2020-01-05 19:26:51,39.45,22.34,44.6,80,90,10.29,overcast clouds,0.0,0.0
282,Haibowan,GR,2020-01-05 19:26:51,39.45,22.34,44.6,80,90,10.29,overcast clouds,0.0,0.0
283,Albert Lea,US,2020-01-05 19:26:52,43.65,-93.37,37.4,74,1,20.8,clear sky,0.0,0.0
284,Kieta,PG,2020-01-05 19:26:52,-6.22,155.63,81.82,75,56,4.94,broken clouds,0.0,0.0
285,Pangody,RU,2020-01-05 19:26:52,65.85,74.49,16.21,92,29,14.79,scattered clouds,0.0,0.0
286,Mangai,CD,2020-01-05 19:26:52,-4.07,19.59,72.91,93,100,1.48,light rain,0.5,0.0
287,Grindavik,IS,2020-01-05 19:26:52,63.84,-22.43,37.4,73,75,10.29,broken clouds,0.0,0.0
288,Tazovskiy,RU,2020-01-05 19:26:53,67.47,78.7,17.37,88,70,19.19,broken clouds,0.0,0.0
289,Morondava,MG,2020-01-05 19:26:53,-20.3,44.28,79.05,84,14,4.99,light rain,1.13,0.0
290,Klaksvik,FO,2020-01-05 19:26:53,62.23,-6.59,44.6,93,70,14.99,broken clouds,0.0,0.0
291,Zhoucheng,CN,2020-01-05 19:26:53,31.35,119.33,51.8,93,57,2.24,broken clouds,0.0,0.0
292,Sataua,CN,2020-01-05 19:26:53,31.35,119.33,51.8,93,57,2.24,broken clouds,0.0,0.0
293,Nikolskoye,RU,2020-01-05 19:26:54,59.7,30.79,24.01,73,20,4.47,few clouds,0.0,0.0
294,Namatanai,PG,2020-01-05 19:26:54,-3.66,152.44,83.77,74,67,7.25,light rain,0.13,0.0
295,Newport Beach,US,2020-01-05 19:24:51,33.62,-117.93,66.99,63,40,4.7,haze,0.0,0.0
296,Victoria,BN,2020-01-05 19:26:54,5.28,115.24,82.0,78,75,3.36,broken clouds,0.0,0.0
297,Kazalinsk,BN,2020-01-05 19:26:54,5.28,115.24,82.0,78,75,3.36,broken clouds,0.0,0.0
298,Amderma,BN,2020-01-05 19:26:54,5.28,115.24,82.0,78,75,3.36,broken clouds,0.0,0.0
299,Balikpapan,ID,2020-01-05 19:26:55,-1.24,116.86,73.13,96,100,4.52,light rain,0.19,0.0
300,Bayir,TR,2020-01-05 19:26:55,37.27,28.22,50.0,87,75,10.29,thunderstorm with light rain,0.0,0.0
301,Shingu,JP,2020-01-05 19:26:55,33.72,135.99,41.95,68,0,6.98,clear sky,0.0,0.0
302,Dharchula,IN,2020-01-05 19:26:55,29.85,80.53,24.39,33,13,10.09,few clouds,0.0,0.0
303,Emerald,AU,2020-01-05 19:26:55,-23.53,148.16,73.4,78,22,4.61,few clouds,0.0,0.0
304,Sioux Lookout,CA,2020-01-05 19:26:56,50.1,-91.92,24.8,92,90,12.75,light snow,0.0,0.0
305,Mahebourg,MU,2020-01-05 19:26:56,-20.41,57.7,73.4,100,75,5.82,moderate rain,0.0,0.0
306,Morant Bay,JM,2020-01-05 19:26:56,17.88,-76.41,87.8,62,20,10.29,few clouds,0.0,0.0
307,Kruisfontein,ZA,2020-01-05 19:26:56,-34.0,24.73,65.57,84,100,7.0,overcast clouds,0.0,0.0
308,Tabiauea,ZA,2020-01-05 19:26:56,-34.0,24.73,65.57,84,100,7.0,overcast clouds,0.0,0.0
309,Marsa Matruh,EG,2020-01-05 19:26:57,31.35,27.25,53.6,71,20,9.17,few clouds,0.0,0.0
310,Neuquen,AR,2020-01-05 19:25:26,-38.95,-68.06,75.2,22,77,26.4,broken clouds,0.0,0.0
311,Grand Gaube,MU,2020-01-05 19:26:57,-20.01,57.66,73.4,100,75,5.82,heavy intensity rain,0.0,0.0
312,Tautira,PF,2020-01-05 19:26:57,-17.73,-149.15,84.2,74,20,4.7,few clouds,0.0,0.0
313,Tondano,ID,2020-01-05 19:26:57,1.3,124.91,75.2,100,40,1.59,scattered clouds,0.0,0.0
314,Rocha,UY,2020-01-05 19:26:57,-34.48,-54.34,86.5,30,2,7.05,clear sky,0.0,0.0
315,Kamenskoye,UY,2020-01-05 19:26:57,-34.48,-54.34,86.5,30,2,7.05,clear sky,0.0,0.0
316,Mabaruma,GY,2020-01-05 19:26:58,8.2,-59.78,85.84,52,55,3.51,broken clouds,0.0,0.0
317,Tiksi,RU,2020-01-05 19:26:58,71.64,128.87,-16.73,87,14,11.3,few clouds,0.0,0.0
318,Hefei,CN,2020-01-05 19:26:58,31.82,117.22,48.2,100,90,6.71,light rain,0.0,0.0
319,Humboldt,CA,2020-01-05 19:26:58,52.21,-105.12,17.26,85,0,10.87,clear sky,0.0,0.0
320,Mys Shmidta,CA,2020-01-05 19:26:58,52.21,-105.12,17.26,85,0,10.87,clear sky,0.0,0.0
321,Dasoguz,TM,2020-01-05 19:26:59,41.84,59.97,23.0,85,0,4.7,clear sky,0.0,0.0
322,Chimore,BO,2020-01-05 19:26:59,-16.98,-65.13,93.0,45,100,2.33,overcast clouds,0.0,0.0
323,Daru,PG,2020-01-05 19:26:59,-9.07,143.21,76.03,88,99,1.07,overcast clouds,0.0,0.0
324,Alofi,NU,2020-01-05 19:26:59,-19.06,-169.92,80.6,83,0,13.87,clear sky,0.0,0.0
325,Ugoofaaru,MV,2020-01-05 19:27:00,5.67,73.0,82.15,80,34,14.43,light rain,0.44,0.0
326,Talcahuano,CL,2020-01-05 19:27:00,-36.72,-73.12,66.2,55,66,17.22,broken clouds,0.0,0.0
327,Andilamena,MG,2020-01-05 19:27:00,-17.01,48.57,68.36,94,100,6.64,light rain,1.13,0.0
328,Bambanglipuro,ID,2020-01-05 19:27:00,-7.95,110.28,75.25,92,92,3.29,moderate rain,3.81,0.0
329,Fukue,JP,2020-01-05 19:27:00,35.03,136.69,44.6,48,20,19.46,few clouds,0.0,0.0
330,Isiro,CD,2020-01-05 19:27:00,2.77,27.62,78.17,46,80,0.96,broken clouds,0.0,0.0
331,Nioro,GM,2020-01-05 19:27:01,13.79,-15.05,87.26,6,0,8.63,clear sky,0.0,0.0
332,Panzhihua,CN,2020-01-05 19:27:01,26.59,101.72,46.87,92,94,3.0,light rain,0.31,0.0
333,Evensk,RU,2020-01-05 19:27:01,61.92,159.24,-0.65,48,72,1.34,broken clouds,0.0,0.0
334,Oktyabrskiy,RU,2020-01-05 19:27:01,55.61,37.97,32.0,90,75,6.71,broken clouds,0.0,0.0
335,Korla,RU,2020-01-05 19:27:01,55.61,37.97,32.0,90,75,6.71,broken clouds,0.0,0.0
336,Skjaerhollen,RU,2020-01-05 19:27:01,55.61,37.97,32.0,90,75,6.71,broken clouds,0.0,0.0
337,Labuhan,ID,2020-01-05 19:27:02,-2.54,115.51,72.46,95,100,2.1,light rain,2.63,0.0
338,Ambilobe,MG,2020-01-05 19:27:02,-13.19,49.05,78.94,87,100,2.82,light rain,0.25,0.0
339,Genhe,CN,2020-01-05 19:27:03,50.78,121.52,4.37,91,100,2.1,overcast clouds,0.0,0.0
340,Nemuro,JP,2020-01-05 19:27:03,43.32,145.57,25.92,63,25,26.84,scattered clouds,0.0,0.0
341,Siniscola,IT,2020-01-05 19:27:03,40.57,9.69,46.4,100,20,1.12,few clouds,0.0,0.0
342,Pyaozerskiy,RU,2020-01-05 19:27:03,65.83,31.17,13.19,84,8,10.51,clear sky,0.0,0.0
343,Luau,CD,2020-01-05 19:27:03,-10.7,22.23,69.03,87,100,1.86,light rain,0.31,0.0
344,Mogadishu,SO,2020-01-05 19:27:03,2.04,45.34,81.5,84,0,20.8,clear sky,0.0,0.0
345,Rome,IT,2020-01-05 19:26:18,41.89,12.48,51.8,36,0,10.29,clear sky,0.0,0.0
346,Chapais,CA,2020-01-05 19:27:04,49.78,-74.86,8.6,84,90,4.7,light snow,0.0,0.0
347,Sitka,US,2020-01-05 19:27:04,37.17,-99.65,52.0,39,0,3.0,clear sky,0.0,0.0
348,Malinovskiy,RU,2020-01-05 19:27:04,54.15,34.53,28.38,87,85,4.76,overcast clouds,0.0,0.0
349,Galich,RU,2020-01-05 19:27:04,58.38,42.35,28.99,94,93,7.56,light snow,0.0,0.13
350,Cairns,AU,2020-01-05 19:23:06,-16.92,145.77,78.8,78,75,3.36,broken clouds,0.0,0.0
351,Pacifica,US,2020-01-05 19:27:05,37.61,-122.49,57.2,62,1,16.11,clear sky,0.0,0.0
352,Sakakah,US,2020-01-05 19:27:05,37.61,-122.49,57.2,62,1,16.11,clear sky,0.0,0.0
353,Plettenberg Bay,ZA,2020-01-05 19:27:05,-34.05,23.37,68.13,79,100,1.83,overcast clouds,0.0,0.0
354,Kota Belud,MY,2020-01-05 19:27:05,6.35,116.43,77.0,88,75,3.36,broken clouds,0.0,0.0
355,Port Macquarie,AU,2020-01-05 19:22:55,-31.43,152.91,72.0,82,90,5.82,overcast clouds,0.0,0.0
356,Deputatskiy,RU,2020-01-05 19:27:06,69.3,139.9,-16.82,82,57,1.41,broken clouds,0.0,0.0
357,Revelstoke,CA,2020-01-05 19:27:06,50.99,-118.19,35.6,80,90,21.92,overcast clouds,0.0,0.0
358,Ippy,CF,2020-01-05 19:27:06,6.26,21.2,80.78,26,11,4.0,few clouds,0.0,0.0
359,Milkovo,BG,2020-01-05 19:27:06,41.53,24.68,45.0,48,90,17.22,overcast clouds,0.0,0.0
360,Ormara,PK,2020-01-05 19:27:06,25.21,64.64,73.31,68,66,7.78,broken clouds,0.0,0.0
361,Nyagan,RU,2020-01-05 19:27:07,62.14,65.43,18.7,94,100,7.4,overcast clouds,0.0,0.0
362,Zaragoza,SV,2020-01-05 19:27:07,13.59,-89.29,91.4,47,0,14.99,clear sky,0.0,0.0
363,Lashio,MM,2020-01-05 19:25:39,22.93,97.75,56.66,98,97,1.36,light rain,1.56,0.0
364,Boende,CD,2020-01-05 19:27:07,-0.28,20.88,74.43,68,41,2.64,scattered clouds,0.0,0.0
365,Coihaique,CL,2020-01-05 19:27:07,-45.58,-72.07,60.8,51,75,11.41,broken clouds,0.0,0.0
366,Ponta Delgada,PT,2020-01-05 19:27:08,37.73,-25.67,64.4,88,40,13.87,scattered clouds,0.0,0.0
367,Nancha,CN,2020-01-05 19:27:08,47.14,129.26,-0.42,97,30,3.22,scattered clouds,0.0,0.0
368,Vestmanna,FO,2020-01-05 19:27:08,62.16,-7.17,44.6,93,86,14.99,overcast clouds,0.0,0.0
369,Monte Patria,CL,2020-01-05 19:27:08,-30.69,-70.96,73.96,39,45,10.94,scattered clouds,0.0,0.0
370,Yambio,CL,2020-01-05 19:27:08,-30.69,-70.96,73.96,39,45,10.94,scattered clouds,0.0,0.0
371,Chapleau,CA,2020-01-05 19:27:09,47.85,-83.4,17.6,85,90,6.93,overcast clouds,0.0,0.0
372,Nizza Monferrato,IT,2020-01-05 19:27:09,44.77,8.35,52.0,71,0,1.12,clear sky,0.0,0.0
373,Tilichiki,RU,2020-01-05 19:27:09,60.47,166.1,-10.28,62,5,7.27,clear sky,0.0,0.0
374,Golspie,GB,2020-01-05 19:27:09,57.97,-3.98,54.0,76,75,20.8,broken clouds,0.0,0.0
375,Ranong,TH,2020-01-05 19:27:09,9.96,98.62,78.24,79,0,6.62,clear sky,0.0,0.0
376,Mezen,RU,2020-01-05 19:27:09,65.85,44.24,16.16,85,21,13.69,few clouds,0.0,0.0
377,Chake Chake,TZ,2020-01-05 19:27:10,-5.25,39.77,83.44,77,74,13.49,broken clouds,0.0,0.0
378,Baruun-Urt,MN,2020-01-05 19:27:10,46.68,113.28,7.21,94,100,7.07,overcast clouds,0.0,0.0
379,Sainte-Marie,CA,2020-01-05 19:24:54,46.45,-71.03,26.01,53,40,9.17,shower rain,0.0,0.0
380,Disna,CA,2020-01-05 19:24:54,46.45,-71.03,26.01,53,40,9.17,shower rain,0.0,0.0
381,Marinette,US,2020-01-05 19:27:10,45.1,-87.63,32.0,86,90,8.05,overcast clouds,0.0,0.0
382,Oreanda,US,2020-01-05 19:27:10,45.1,-87.63,32.0,86,90,8.05,overcast clouds,0.0,0.0
383,Brewster,US,2020-01-05 19:27:11,41.76,-70.08,39.2,59,90,13.87,light rain,0.0,0.0
384,Sao Francisco,BR,2020-01-05 19:27:11,-25.65,-53.85,91.4,46,40,5.82,scattered clouds,0.0,0.0
385,Tsihombe,BR,2020-01-05 19:27:11,-25.65,-53.85,91.4,46,40,5.82,scattered clouds,0.0,0.0
386,Morganton,US,2020-01-05 19:27:11,35.75,-81.69,54.0,32,1,3.36,clear sky,0.0,0.0
387,Kuche,US,2020-01-05 19:27:11,35.75,-81.69,54.0,32,1,3.36,clear sky,0.0,0.0
388,Rawlins,US,2020-01-05 19:27:12,41.79,-107.24,26.6,68,1,4.7,clear sky,0.0,0.0
389,Broken Hill,AU,2020-01-05 19:27:12,-31.97,141.45,57.2,76,94,14.99,overcast clouds,0.0,0.0
390,Petrolina,BR,2020-01-05 19:27:12,-9.38,-40.5,89.6,46,20,6.93,few clouds,0.0,0.0
391,Ghanzi,BW,2020-01-05 19:27:12,-21.7,21.65,85.75,38,100,9.86,overcast clouds,0.0,0.0
392,Acapulco,MX,2020-01-05 19:24:41,16.86,-99.88,86.0,66,5,5.82,clear sky,0.0,0.0
393,Tawnat,MX,2020-01-05 19:24:41,16.86,-99.88,86.0,66,5,5.82,clear sky,0.0,0.0
394,Rio Gallegos,AR,2020-01-05 19:25:58,-51.62,-69.22,60.8,36,75,19.46,broken clouds,0.0,0.0
395,Male,UA,2020-01-05 19:27:13,50.74,33.7,30.33,96,100,6.89,overcast clouds,0.0,0.0
396,Roald,NO,2020-01-05 19:27:13,62.58,6.12,46.99,93,90,13.87,light rain,0.0,0.0
397,Lufkin,US,2020-01-05 19:25:36,31.34,-94.73,69.8,35,1,10.29,clear sky,0.0,0.0
398,Santa Maria,BR,2020-01-05 19:27:14,-16.02,-48.01,68.0,88,75,6.93,broken clouds,0.0,0.0
399,Port Blair,IN,2020-01-05 19:27:14,11.67,92.75,81.36,76,0,11.92,clear sky,0.0,0.0
400,Muros,ES,2020-01-05 19:27:14,42.77,-9.06,48.99,100,0,2.24,clear sky,0.0,0.0
401,Grants Pass,US,2020-01-05 19:27:14,42.44,-123.33,44.6,87,90,1.97,overcast clouds,0.0,0.0
402,Songjianghe,CN,2020-01-05 19:27:14,42.18,127.48,13.41,77,66,5.06,broken clouds,0.0,0.0
403,Galle,GN,2020-01-05 19:27:15,10.08,-12.83,83.35,23,1,1.97,clear sky,0.0,0.0
404,Pitsunda,GE,2020-01-05 19:27:15,43.16,40.34,41.0,80,75,11.18,broken clouds,0.0,0.0
405,Louisbourg,GE,2020-01-05 19:27:15,43.16,40.34,41.0,80,75,11.18,broken clouds,0.0,0.0
406,Mana,NG,2020-01-05 19:27:15,13.03,5.27,72.99,20,14,8.93,few clouds,0.0,0.0
407,Arica,CL,2020-01-05 19:27:15,-18.48,-70.32,78.8,50,96,13.87,overcast clouds,0.0,0.0
408,Samdari,IN,2020-01-05 19:27:15,25.81,72.58,63.66,39,0,1.34,clear sky,0.0,0.0
409,Longlac,IN,2020-01-05 19:27:15,25.81,72.58,63.66,39,0,1.34,clear sky,0.0,0.0
410,Basco,US,2020-01-05 19:27:16,40.33,-91.2,52.0,58,1,16.11,clear sky,0.0,0.0
411,Ventspils,LV,2020-01-05 19:27:16,57.39,21.56,37.4,74,20,16.11,few clouds,0.0,0.0
412,Pitimbu,BR,2020-01-05 19:27:16,-7.47,-34.81,84.2,66,40,11.41,scattered clouds,0.0,0.0
413,San Borja,BO,2020-01-05 19:22:46,-14.86,-66.75,90.97,54,73,4.94,broken clouds,0.0,0.0
414,Vylgort,BO,2020-01-05 19:22:46,-14.86,-66.75,90.97,54,73,4.94,broken clouds,0.0,0.0
415,Hambantota,LK,2020-01-05 19:27:17,6.12,81.12,75.2,100,20,5.82,thunderstorm,0.0,0.0
416,Barcelos,BR,2020-01-05 19:27:17,-0.97,-62.93,93.29,44,13,4.92,few clouds,0.0,0.0
417,Kijang,KR,2020-01-05 19:27:17,35.24,129.21,37.4,74,31,3.36,scattered clouds,0.0,0.0
418,Jarjis,KR,2020-01-05 19:27:17,35.24,129.21,37.4,74,31,3.36,scattered clouds,0.0,0.0
419,Port Hardy,CA,2020-01-05 19:27:18,50.7,-127.42,35.6,93,75,6.93,shower rain,0.0,0.0
420,Santa Isabel Do Rio Negro,BR,2020-01-05 19:27:18,-0.41,-65.02,92.5,44,35,2.89,scattered clouds,0.0,0.0
421,Te Anau,NZ,2020-01-05 19:27:18,-45.41,167.72,45.55,75,74,21.77,light rain,1.44,0.0
422,Labutta,NZ,2020-01-05 19:27:18,-45.41,167.72,45.55,75,74,21.77,light rain,0.0,0.0
423,Komsomolskiy,RU,2020-01-05 19:27:18,67.55,63.78,10.13,92,93,17.43,overcast clouds,0.0,0.0
424,Mehamn,NO,2020-01-05 19:27:18,71.03,27.85,26.6,79,75,6.93,broken clouds,0.0,0.0
425,Strizhi,RU,2020-01-05 19:27:19,58.46,49.29,27.34,95,97,9.66,light snow,0.0,0.19
426,Santa Luzia,BR,2020-01-05 19:27:03,-19.77,-43.85,75.2,83,75,6.93,broken clouds,0.0,0.0
427,Aporawan,BR,2020-01-05 19:27:03,-19.77,-43.85,75.2,83,75,6.93,broken clouds,0.0,0.0
428,Namibe,AO,2020-01-05 19:27:19,-15.19,12.15,74.88,88,81,8.08,broken clouds,0.0,0.0
429,Veraval,FR,2020-01-05 19:27:19,49.65,0.71,44.6,93,90,2.24,overcast clouds,0.0,0.0
430,Patacamaya,BO,2020-01-05 19:27:20,-17.23,-67.92,54.43,54,99,3.62,light rain,0.12,0.0
431,Kumo,NG,2020-01-05 19:27:20,10.05,11.21,72.28,26,10,5.37,clear sky,0.0,0.0
432,Ngunguru,NZ,2020-01-05 19:27:20,-35.62,174.5,69.01,86,18,5.01,few clouds,0.0,0.0
433,Bethanien,NA,2020-01-05 19:27:20,-26.5,17.16,76.87,28,0,15.95,clear sky,0.0,0.0
434,Torbay,CA,2020-01-05 19:27:20,47.66,-52.73,30.99,100,90,19.46,snow,0.0,0.0
435,Conakry,GN,2020-01-05 19:27:21,9.52,-13.7,81.79,53,34,11.16,scattered clouds,0.0,0.0
436,Akyab,GN,2020-01-05 19:27:21,9.52,-13.7,81.79,53,34,11.16,scattered clouds,0.0,0.0
437,Vaitupu,GN,2020-01-05 19:27:21,9.52,-13.7,81.79,53,34,11.16,scattered clouds,0.0,0.0
438,Takoradi,GH,2020-01-05 19:27:21,4.89,-1.75,81.21,47,40,9.17,scattered clouds,0.0,0.0
439,Bantry,GH,2020-01-05 19:27:21,4.89,-1.75,81.21,47,40,9.17,scattered clouds,0.0,0.0
440,Arequipa,PE,2020-01-05 19:25:44,-16.4,-71.54,62.6,63,40,11.41,scattered clouds,0.0,0.0
441,Nanakuli,US,2020-01-05 19:27:22,21.39,-158.15,77.0,83,75,3.36,light rain,0.0,0.0
442,Dolbeau,US,2020-01-05 19:27:22,21.39,-158.15,77.0,83,75,3.36,light rain,0.0,0.0
443,Thinadhoo,MV,2020-01-05 19:27:22,0.53,72.93,82.89,74,79,7.02,light rain,3.0,0.0
444,Mabamba,TZ,2020-01-05 19:27:22,-3.6,30.5,66.4,88,89,1.19,moderate rain,4.88,0.0
445,Tessalit,ML,2020-01-05 19:27:22,20.2,1.01,62.44,17,0,7.16,clear sky,0.0,0.0
446,Meulaboh,ID,2020-01-05 19:27:23,4.14,96.13,82.24,76,89,5.77,overcast clouds,0.0,0.0
447,Corcoran,US,2020-01-05 19:24:09,36.1,-119.56,51.8,81,90,9.17,overcast clouds,0.0,0.0
448,Dien Bien,US,2020-01-05 19:24:09,36.1,-119.56,51.8,81,90,9.17,overcast clouds,0.0,0.0
449,Algiers,US,2020-01-05 19:24:37,29.94,-90.04,66.0,36,1,5.82,clear sky,0.0,0.0
450,Saint-Medard-En-Jalles,FR,2020-01-05 19:27:23,44.9,-0.72,41.0,86,0,2.24,clear sky,0.0,0.0
451,Gorontalo,ID,2020-01-05 19:27:24,0.54,123.06,73.45,95,100,2.55,light rain,1.25,0.0
452,Meyungs,ID,2020-01-05 19:27:24,0.54,123.06,73.45,95,100,2.55,light rain,0.0,0.0
453,Namtsy,RU,2020-01-05 19:27:24,62.72,129.66,-23.8,74,99,2.51,light snow,0.0,0.0
454,Hit,IQ,2020-01-05 19:27:24,33.64,42.83,56.37,57,66,9.71,broken clouds,0.0,0.0
455,Half Moon Bay,US,2020-01-05 19:27:24,37.46,-122.43,57.0,62,1,16.11,clear sky,0.0,0.0
456,Turukhansk,RU,2020-01-05 19:27:25,65.8,87.96,20.05,93,100,15.1,light snow,0.0,0.56
457,Russell,US,2020-01-05 19:27:25,38.9,-98.86,50.0,29,1,16.11,clear sky,0.0,0.0
458,Lincoln,GB,2020-01-05 19:27:25,53.23,-0.54,48.2,87,75,9.17,broken clouds,0.0,0.0
459,Cap Malheureux,MU,2020-01-05 19:27:25,-19.98,57.61,73.4,100,75,5.82,heavy intensity rain,0.0,0.0
460,Waitati,NZ,2020-01-05 19:27:25,-45.75,170.57,53.01,61,51,25.01,light rain,1.19,0.0
461,Umm Lajj,SA,2020-01-05 19:27:25,25.02,37.27,56.19,58,0,7.99,clear sky,0.0,0.0
462,Malwan,SA,2020-01-05 19:27:25,25.02,37.27,56.19,58,0,7.99,clear sky,0.0,0.0
463,Maceio,BR,2020-01-05 19:27:26,-9.67,-35.74,84.2,62,100,12.75,overcast clouds,0.0,0.0
464,Adrar,DZ,2020-01-05 19:27:26,27.87,-0.29,59.0,12,0,9.17,clear sky,0.0,0.0
465,Westpunt,DZ,2020-01-05 19:27:26,27.87,-0.29,59.0,12,0,9.17,clear sky,0.0,0.0
466,Coleraine,AU,2020-01-05 19:27:26,-37.6,141.69,44.92,93,69,6.55,broken clouds,0.0,0.0
467,Tawkar,AU,2020-01-05 19:27:26,-37.6,141.69,44.92,93,69,6.55,broken clouds,0.0,0.0
468,Kibakwe,TZ,2020-01-05 19:27:27,-6.71,36.37,69.64,86,100,3.85,light rain,0.56,0.0
469,Banda Aceh,ID,2020-01-05 19:27:27,5.56,95.32,72.0,93,0,5.84,clear sky,0.0,0.0
470,Gat,SN,2020-01-05 19:27:27,14.69,-16.54,84.2,36,0,10.29,dust,0.0,0.0
471,Alta Floresta,BR,2020-01-05 19:27:27,-9.87,-56.08,80.6,83,75,8.05,broken clouds,0.0,0.0
472,Stokmarknes,NO,2020-01-05 19:27:27,68.56,14.91,32.0,89,90,23.04,shower snow,0.0,0.0
473,Mwinilunga,ZM,2020-01-05 19:27:28,-11.73,24.43,65.3,94,99,2.53,light rain,0.88,0.0
474,Bilma,NE,2020-01-05 19:27:28,18.69,12.92,54.73,30,17,5.08,few clouds,0.0,0.0
475,Inirida,CO,2020-01-05 19:27:28,3.87,-67.92,91.15,45,45,5.68,scattered clouds,0.0,0.0
476,Mapiripan,CO,2020-01-05 19:27:28,2.89,-72.13,90.57,42,81,10.65,broken clouds,0.0,0.0
477,Fomboni,KM,2020-01-05 19:27:28,-12.28,43.74,83.35,78,100,10.87,light rain,0.19,0.0
478,Ha Tinh,VN,2020-01-05 19:27:28,18.33,105.9,70.47,87,0,5.53,clear sky,0.0,0.0
479,Shelburne,CA,2020-01-05 19:27:29,44.08,-80.2,33.8,80,90,6.46,light snow,0.0,0.0
480,Bambous Virieux,MU,2020-01-05 19:27:29,-20.34,57.76,73.4,100,75,5.82,moderate rain,0.0,0.0
481,Puerto Vallarta,MX,2020-01-05 19:27:29,20.61,-105.23,87.8,19,20,6.93,few clouds,0.0,0.0
482,Laguna,BZ,2020-01-05 19:27:29,16.17,-88.94,73.4,73,75,4.7,broken clouds,0.0,0.0
483,Sassandra,CI,2020-01-05 19:27:29,4.95,-6.09,78.94,46,10,5.39,clear sky,0.0,0.0
484,Bairiki,CI,2020-01-05 19:27:29,4.95,-6.09,78.94,46,10,5.39,clear sky,0.0,0.0
485,Rio Grande,BR,2020-01-05 19:26:47,-32.03,-52.1,87.8,45,20,14.99,few clouds,0.0,0.0
486,Jackson,US,2020-01-05 19:27:30,43.48,-110.76,21.2,78,90,5.82,light snow,0.0,0.0
487,Ubinskoye,RU,2020-01-05 19:27:30,55.31,79.68,21.7,93,98,11.21,light snow,0.0,0.12
488,Hualmay,PE,2020-01-05 19:27:30,-11.1,-77.61,79.66,57,57,11.52,broken clouds,0.0,0.0
489,Ellisras,ZA,2020-01-05 19:27:31,-23.67,27.74,87.69,29,68,7.16,broken clouds,0.0,0.0
490,Zyryanovsk,KZ,2020-01-05 19:27:31,49.74,84.27,5.0,74,0,2.01,clear sky,0.0,0.0
491,One Hundred Mile House,KZ,2020-01-05 19:27:31,49.74,84.27,5.0,74,0,2.01,clear sky,0.0,0.0
492,Atkarsk,RU,2020-01-05 19:27:31,51.88,45.01,32.02,98,100,5.1,light snow,0.0,0.5
493,Indramayu,ID,2020-01-05 19:27:31,-4.05,103.78,73.85,97,100,3.62,light rain,0.13,0.0
494,Ahipara,NZ,2020-01-05 19:27:31,-35.17,173.16,66.0,100,58,23.69,broken clouds,0.0,0.0
495,Sibu,MY,2020-01-05 19:27:32,2.29,111.83,77.0,94,75,2.24,light rain,0.0,0.0
496,Lafia,NG,2020-01-05 19:27:32,8.5,8.51,82.33,18,13,3.38,few clouds,0.0,0.0
497,Saint-Denis,FR,2020-01-05 19:27:32,48.94,2.36,46.4,75,90,3.36,overcast clouds,0.0,0.0
498,Moussoro,TD,2020-01-05 19:27:32,13.64,16.49,70.9,19,0,14.47,clear sky,0.0,0.0
499,Sistranda,NO,2020-01-05 19:27:32,63.73,8.83,44.6,93,75,16.11,shower rain,0.0,0.0
500,Allapalli,IN,2020-01-05 19:27:33,19.43,80.06,60.3,70,0,3.87,clear sky,0.0,0.0
501,Kampot,KH,2020-01-05 19:27:33,10.62,104.18,75.2,94,20,2.24,few clouds,0.0,0.0
502,Taonan,CN,2020-01-05 19:27:33,45.34,122.78,12.72,92,95,6.17,overcast clouds,0.0,0.0
503,Banjarmasin,ID,2020-01-05 19:27:30,-3.32,114.59,75.2,100,90,3.36,overcast clouds,0.0,0.0
504,Kathu,ZA,2020-01-05 19:27:33,-27.7,23.05,82.0,23,80,14.43,broken clouds,0.0,0.0
505,Cidreira,BR,2020-01-05 19:27:33,-30.17,-50.22,74.44,80,0,18.25,clear sky,0.0,0.0
506,Srednekolymsk,RU,2020-01-05 19:27:34,67.46,153.71,-5.6,71,40,3.4,scattered clouds,0.0,0.0
507,Honiara,SB,2020-01-05 19:27:34,-9.43,159.96,75.2,94,20,2.24,few clouds,0.0,0.0
508,Porto Novo,BR,2020-01-05 19:27:34,-23.68,-45.44,75.2,83,75,6.93,thunderstorm with light rain,0.0,0.0
509,Mazagao,BR,2020-01-05 19:27:34,-0.12,-51.29,89.6,62,75,4.7,broken clouds,0.0,0.0
510,Afgoye,BR,2020-01-05 19:27:34,-0.12,-51.29,89.6,62,75,4.7,broken clouds,0.0,0.0
511,Paamiut,GL,2020-01-05 19:27:35,61.99,-49.67,21.4,59,84,11.21,broken clouds,0.0,0.0
512,Port Pirie,AU,2020-01-05 19:27:35,-33.18,138.01,59.86,84,100,3.89,moderate rain,3.63,0.0
513,Berlevag,NO,2020-01-05 19:27:35,70.86,29.09,26.6,79,75,6.93,broken clouds,0.0,0.0
514,Puerto Ayacucho,CO,2020-01-05 19:27:35,5.66,-67.63,91.4,46,0,20.8,clear sky,0.0,0.0
515,Ulaangom,MN,2020-01-05 19:27:35,49.98,92.07,-12.41,91,17,2.73,few clouds,0.0,0.0
516,Touros,BR,2020-01-05 19:27:35,-5.2,-35.46,84.2,66,40,17.22,scattered clouds,0.0,0.0
517,Karoi,ZW,2020-01-05 19:27:36,-16.82,29.68,68.72,89,100,6.55,light rain,1.19,0.0
518,Yunjinghong,ZW,2020-01-05 19:27:36,-16.82,29.68,68.72,89,100,6.55,light rain,0.0,0.0
519,Auki,NG,2020-01-05 19:27:36,12.18,6.51,72.93,24,31,10.0,scattered clouds,0.0,0.0
520,Cayce,US,2020-01-05 19:27:36,33.97,-81.07,55.99,37,1,8.05,clear sky,0.0,0.0
521,Nome,US,2020-01-05 19:27:36,30.04,-94.42,73.99,38,1,12.75,clear sky,0.0,0.0
522,Terme,TR,2020-01-05 19:27:37,41.21,36.97,39.2,69,40,6.93,scattered clouds,0.0,0.0
523,Catamarca,TR,2020-01-05 19:27:37,41.21,36.97,39.2,69,40,6.93,scattered clouds,0.0,0.0
524,Teknaf,BD,2020-01-05 19:27:37,20.86,92.31,59.9,98,5,3.29,clear sky,0.0,0.0
525,Penzance,GB,2020-01-05 19:27:37,50.12,-5.53,52.0,81,90,9.17,overcast clouds,0.0,0.0
526,Weinan,CN,2020-01-05 19:27:37,34.5,109.46,42.01,93,90,2.51,mist,0.0,0.0
527,Vicuna,CN,2020-01-05 19:27:37,34.5,109.46,42.01,93,90,2.51,mist,0.0,0.0
528,Pitea,SE,2020-01-05 19:27:38,65.32,21.48,30.2,92,75,14.99,light snow,0.0,0.0
529,Waingapu,ID,2020-01-05 19:27:38,-9.65,120.26,84.33,77,100,24.94,overcast clouds,0.0,0.0
530,Port Hedland,AU,2020-01-05 19:27:38,-20.31,118.58,84.2,74,90,9.17,overcast clouds,0.0,0.0
531,Jiangyou,CN,2020-01-05 19:27:38,31.78,104.73,35.1,84,85,2.98,overcast clouds,0.0,0.0
532,Morbach,DE,2020-01-05 19:27:38,49.52,10.62,39.2,100,90,3.71,overcast clouds,0.0,0.0
533,San Policarpo,PH,2020-01-05 19:27:39,12.18,125.51,79.05,85,52,16.28,light rain,2.31,0.0
534,Faya,SA,2020-01-05 19:27:39,18.39,42.45,59.0,77,4,7.25,clear sky,0.0,0.0
535,Harij,IN,2020-01-05 19:27:39,23.69,71.9,62.98,35,0,7.92,clear sky,0.0,0.0
536,Dryden,CA,2020-01-05 19:27:39,49.79,-92.84,23.0,92,90,17.22,light snow,0.0,0.0
537,Vestmannaeyjar,IS,2020-01-05 19:27:39,63.44,-20.27,39.2,80,75,6.93,broken clouds,0.0,0.0
538,Umm Durman,IS,2020-01-05 19:27:39,63.44,-20.27,39.2,80,75,6.93,broken clouds,0.0,0.0
539,Nouadhibou,MR,2020-01-05 19:27:40,20.93,-17.03,68.0,40,45,12.75,scattered clouds,0.0,0.0
540,Bata,GQ,2020-01-05 19:27:40,1.87,9.77,78.06,86,54,3.74,light rain,0.38,0.0
541,Seoul,KR,2020-01-05 19:26:17,37.57,126.98,35.6,55,90,4.27,overcast clouds,0.0,0.0
542,Margate,AU,2020-01-05 19:27:40,-43.03,147.26,50.0,76,20,9.17,few clouds,0.0,0.0
543,Nishihara,JP,2020-01-05 19:27:41,35.74,139.53,43.0,40,1,4.7,clear sky,0.0,0.0
544,Lagoa,PT,2020-01-05 19:27:41,37.14,-8.45,57.99,71,20,5.82,few clouds,0.0,0.0
545,Banjar,ID,2020-01-05 19:27:41,-7.37,108.54,74.91,95,99,0.65,light rain,0.63,0.0
546,Kiunga,PG,2020-01-05 19:27:41,-6.12,141.3,73.49,99,100,2.8,moderate rain,10.69,0.0
547,Emba,CY,2020-01-05 19:27:41,34.81,32.42,53.6,81,75,5.82,broken clouds,0.0,0.0
548,Ardmore,US,2020-01-05 19:27:41,34.99,-86.85,55.0,43,1,11.41,clear sky,0.0,0.0
549,Visby,SE,2020-01-05 19:27:42,57.64,18.3,37.0,66,75,18.34,sleet,0.0,0.0
550,Flinders,AU,2020-01-05 19:27:42,-34.58,150.85,64.99,93,99,8.05,overcast clouds,0.0,0.0
551,Maniitsoq,GL,2020-01-05 19:27:42,65.42,-52.9,13.24,94,100,23.73,light snow,0.0,0.56
552,Susner,IN,2020-01-05 19:27:42,23.94,76.1,55.67,53,0,3.22,clear sky,0.0,0.0
553,Antalaha,MG,2020-01-05 19:27:42,-14.9,50.28,80.22,83,100,10.6,moderate rain,5.62,0.0
554,Wallaceburg,CA,2020-01-05 19:27:43,42.59,-82.38,34.0,70,90,17.22,overcast clouds,0.0,0.0
555,Ponca City,US,2020-01-05 19:27:43,36.73,-97.07,59.0,44,1,20.8,clear sky,0.0,0.0
556,Diffa,NE,2020-01-05 19:22:55,13.32,12.61,66.52,25,6,7.34,clear sky,0.0,0.0
557,Lawrenceburg,US,2020-01-05 19:27:43,35.24,-87.33,55.99,63,1,10.29,clear sky,0.0,0.0
558,Eseka,CM,2020-01-05 19:27:43,3.65,10.77,76.95,43,0,3.22,clear sky,0.0,0.0
559,Kalutara,LK,2020-01-05 19:27:44,6.58,79.96,78.8,100,40,3.36,scattered clouds,0.0,0.0
560,Mocuba,MZ,2020-01-05 19:27:44,-16.84,36.99,76.23,91,100,1.92,light rain,2.13,0.0
561,Pochutla,MX,2020-01-05 19:27:44,15.74,-96.47,89.6,49,40,9.17,scattered clouds,0.0,0.0
562,Tianpeng,CN,2020-01-05 19:27:44,28.88,112.34,48.56,92,100,5.75,light rain,0.5,0.0
563,Antanifotsy,MG,2020-01-05 19:27:44,-19.66,47.32,62.15,96,66,5.06,light rain,2.06,0.0
564,Vanavara,RU,2020-01-05 19:27:44,60.35,102.28,7.72,95,100,7.7,overcast clouds,0.0,0.0
565,Bay Roberts,CA,2020-01-05 19:27:45,47.58,-53.28,30.99,100,90,19.46,snow,0.0,0.0
566,Rosita,NI,2020-01-05 19:27:45,13.92,-84.4,86.58,48,10,8.1,clear sky,0.0,0.0
567,Garhshankar,IN,2020-01-05 19:27:45,31.22,76.14,53.62,57,100,7.45,overcast clouds,0.0,0.0
568,Liwale,TZ,2020-01-05 19:27:45,-9.8,37.92,74.73,81,74,3.11,broken clouds,0.0,0.0
569,Kuusamo,FI,2020-01-05 19:27:45,65.96,29.19,15.8,100,90,6.93,light snow,0.0,0.0
570,Chagda,FI,2020-01-05 19:27:45,65.96,29.19,15.8,100,90,6.93,light snow,0.0,0.0
571,Maroantsetra,MG,2020-01-05 19:27:46,-15.43,49.74,71.04,98,100,2.21,moderate rain,3.38,0.0
572,Bereda,ES,2020-01-05 19:27:46,43.27,-7.54,45.0,93,0,1.12,clear sky,0.0,0.0
573,Kobojango,ES,2020-01-05 19:27:46,43.27,-7.54,45.0,93,0,1.12,clear sky,0.0,0.0
574,Gornopravdinsk,RU,2020-01-05 19:27:46,60.06,69.92,20.71,94,100,8.59,overcast clouds,0.0,0.0
575,Boyolangu,ID,2020-01-05 19:27:47,-8.09,111.9,74.79,94,99,2.37,moderate rain,3.19,0.0
576,Aksu,KZ,2020-01-05 19:27:47,52.04,76.93,12.2,92,20,4.47,few clouds,0.0,0.0
577,Beatrice,US,2020-01-05 19:27:47,40.27,-96.75,50.0,42,1,20.8,clear sky,0.0,0.0
578,Ossora,RU,2020-01-05 19:27:47,59.24,163.07,8.04,96,97,5.17,overcast clouds,0.0,0.0
579,Tiarei,PF,2020-01-05 19:27:47,-17.53,-149.33,84.2,74,20,4.7,few clouds,0.0,0.0
580,Tual,ID,2020-01-05 19:27:47,-5.67,132.75,83.37,77,90,9.69,overcast clouds,0.0,0.0
581,Hunza,ID,2020-01-05 19:27:47,-5.67,132.75,83.37,77,90,9.69,overcast clouds,0.0,0.0
582,Nurota,UZ,2020-01-05 19:27:48,40.56,65.69,37.4,93,100,6.93,overcast clouds,0.0,0.0
583,Tabou,CI,2020-01-05 19:27:48,4.42,-7.36,79.09,59,0,4.43,clear sky,0.0,0.0
584,Ivankiv,UA,2020-01-05 19:27:48,50.93,29.9,32.0,100,99,8.95,light snow,0.0,0.13
585,Polonnaruwa,LK,2020-01-05 19:27:48,7.94,81.0,74.16,93,14,2.55,few clouds,0.0,0.0
586,Bertoua,CM,2020-01-05 19:27:49,4.58,13.68,75.87,30,63,0.87,broken clouds,0.0,0.0
587,Winneba,GH,2020-01-05 19:27:49,5.35,-0.62,80.6,51,17,6.93,haze,0.0,0.0
588,Stepnyak,KZ,2020-01-05 19:27:49,52.83,70.79,27.05,90,87,13.38,overcast clouds,0.0,0.0
589,Atbasar,KZ,2020-01-05 19:27:49,51.81,68.36,24.8,95,100,8.01,overcast clouds,0.0,0.0
590,Tura,RU,2020-01-05 19:27:49,64.27,100.22,8.38,94,100,7.96,overcast clouds,0.0,0.0
591,Paveh,IR,2020-01-05 19:27:50,35.05,46.36,23.81,92,49,2.15,scattered clouds,0.0,0.0
592,Barra Patuca,HN,2020-01-05 19:27:50,15.8,-84.28,81.32,78,3,14.18,light rain,0.12,0.0
593,Vostok,RU,2020-01-05 19:27:50,46.45,135.83,-5.71,98,100,3.87,overcast clouds,0.0,0.0
594,Bloomfield,US,2020-01-05 19:27:50,40.75,-92.42,46.99,52,40,27.51,scattered clouds,0.0,0.0
595,Leua,AO,2020-01-05 19:27:50,-11.65,20.45,68.81,87,98,1.72,light rain,0.44,0.0
596,Bamiantong,CN,2020-01-05 19:27:51,44.93,130.53,2.98,88,0,3.18,clear sky,0.0,0.0
597,Kyshtovka,RU,2020-01-05 19:27:51,56.56,76.62,9.3,96,96,8.81,overcast clouds,0.0,0.0
598,Inuvik,CA,2020-01-05 19:27:51,68.36,-133.71,-16.6,75,90,3.36,light snow,0.0,0.0
599,Kuryk,KZ,2020-01-05 19:27:51,43.18,51.68,39.99,60,98,12.75,overcast clouds,0.0,0.0
600,Egvekinot,RU,2020-01-05 19:27:51,66.32,-179.17,-10.37,80,59,10.83,broken clouds,0.0,0.0
601,Anadyr,RU,2020-01-05 19:27:52,64.73,177.51,-29.2,66,0,8.95,clear sky,0.0,0.0
602,Port Hawkesbury,CA,2020-01-05 19:27:52,45.62,-61.36,30.0,92,90,12.75,snow,0.0,0.0
603,Bajo Baudo,CA,2020-01-05 19:27:52,45.62,-61.36,30.0,92,90,12.75,snow,0.0,0.0
604,Buariki,CA,2020-01-05 19:27:52,45.62,-61.36,30.0,92,90,12.75,snow,0.0,0.0
605,Carutapera,BR,2020-01-05 19:27:52,-1.2,-46.02,82.47,74,85,11.36,light rain,0.37,0.0
606,Urdzhar,BR,2020-01-05 19:27:52,-1.2,-46.02,82.47,74,85,11.36,light rain,0.0,0.0
607,Sinnamary,GF,2020-01-05 19:27:53,5.38,-52.96,80.4,73,16,10.51,light rain,0.19,0.0
608,Quatre Cocos,MU,2020-01-05 19:27:53,-20.21,57.76,73.4,100,75,5.82,moderate rain,0.0,0.0
609,Darhan,MN,2020-01-05 19:27:53,49.49,105.92,1.69,95,79,5.39,broken clouds,0.0,0.0
610,Bagotville,AU,2020-01-05 19:27:53,-28.98,153.42,71.6,88,90,8.05,overcast clouds,0.0,0.0
611,Wanlaweyn,SO,2020-01-05 19:27:53,2.62,44.89,80.78,72,36,15.9,scattered clouds,0.0,0.0
612,Khrebtovaya,RU,2020-01-05 19:27:54,56.71,104.25,6.51,95,41,6.29,scattered clouds,0.0,0.0
613,Middlebury,US,2020-01-05 19:27:01,44.01,-73.17,30.99,68,75,8.05,light rain,0.0,0.0
614,Sibolga,ID,2020-01-05 19:27:54,1.74,98.78,69.85,95,14,3.67,few clouds,0.0,0.0
615,La Palma,CO,2020-01-05 19:27:54,5.36,-74.39,81.03,65,100,4.52,light rain,0.94,0.0
616,Mongomo,GA,2020-01-05 19:27:54,1.63,11.31,76.51,63,72,2.26,broken clouds,0.0,0.0
617,Karamay,GA,2020-01-05 19:27:54,1.63,11.31,76.51,63,72,2.26,broken clouds,0.0,0.0
618,Joensuu,FI,2020-01-05 19:27:55,62.6,29.76,12.99,92,1,6.93,clear sky,0.0,0.0
619,Kankon,IN,2020-01-05 19:27:55,15.02,74.02,75.2,69,2,5.82,haze,0.0,0.0
620,Vila Franca Do Campo,PT,2020-01-05 19:27:55,37.72,-25.43,64.4,88,40,13.87,scattered clouds,0.0,0.0
621,Bulawayo,ZW,2020-01-05 19:27:55,-20.16,28.59,77.05,49,87,5.3,light rain,0.25,0.0
622,Honningsvag,NO,2020-01-05 19:27:55,70.98,25.97,26.6,86,75,5.82,broken clouds,0.0,0.0
